list_name,name,label
crop,CROP_COMMODITY_114,Adzuki bean
crop,CROP_COMMODITY_69,African marigold
crop,CROP_COMMODITY_102,Alfalfa (Medicago sativa)
crop,CROP_COMMODITY_133,Amaranthus
crop,CROP_COMMODITY_54,Anchote
crop,CROP_COMMODITY_95,Andropogon
crop,CROP_COMMODITY_84,Avocado
crop,CROP_COMMODITY_80,Banana
crop,CROP_COMMODITY_79,Basil
crop,CROP_COMMODITY_134,Black cumin
crop,CROP_COMMODITY_58,Black pepper
crop,CROP_COMMODITY_126,Brachiaria brizantha cv. Xaraes descriptors
crop,CROP_COMMODITY_2,Bread wheat (Triticum aestivum L.)
crop,CROP_COMMODITY_119,Broccoli
crop,CROP_COMMODITY_14,Buck wheat
crop,CROP_COMMODITY_51,Cabbage
crop,CROP_COMMODITY_129,Cacao
crop,CROP_COMMODITY_39,Camelina sativa
crop,CROP_COMMODITY_61,Cardamom
crop,CROP_COMMODITY_52,Carrot
crop,CROP_COMMODITY_43,Cassava
crop,CROP_COMMODITY_38,Castor
crop,CROP_COMMODITY_120,Cauliflower
crop,CROP_COMMODITY_71,Chamomile
crop,CROP_COMMODITY_22,Chickpea
crop,CROP_COMMODITY_63,Citronella grass
crop,CROP_COMMODITY_112,Coffee
crop,CROP_COMMODITY_135,Common bean
crop,CROP_COMMODITY_25,Common/Haricot/ bean
crop,CROP_COMMODITY_57,Coriander
crop,CROP_COMMODITY_109,Cotton
crop,CROP_COMMODITY_94,Cow pea
crop,CROP_COMMODITY_23,Cowpea
crop,CROP_COMMODITY_136,Cuccumber
crop,CROP_COMMODITY_65,Cumin
crop,CROP_COMMODITY_85,Date palm
crop,CROP_COMMODITY_21,Dekoko
crop,CROP_COMMODITY_105,Desho grass
crop,CROP_COMMODITY_90,Dolicos lablab
crop,CROP_COMMODITY_3,Durum Wheat
crop,CROP_COMMODITY_137,Eggplant
crop,CROP_COMMODITY_87,Elephant grass
crop,CROP_COMMODITY_13,Emmer wheat (Aja)
crop,CROP_COMMODITY_44,Enset
crop,CROP_COMMODITY_132,Ethiopian mustard
crop,CROP_COMMODITY_19,Faba bean
crop,CROP_COMMODITY_29,Fenugreek
crop,CROP_COMMODITY_20,Field pea
crop,CROP_COMMODITY_138,Fig
crop,CROP_COMMODITY_139,Fine bush
crop,CROP_COMMODITY_10,Finger Millet
crop,CROP_COMMODITY_4,Food Barley
crop,CROP_COMMODITY_18,Food oat
crop,CROP_COMMODITY_128,Forage Soyabean
crop,CROP_COMMODITY_16,Foxtail millet
crop,CROP_COMMODITY_47,Garlic
crop,CROP_COMMODITY_59,Ginger
crop,CROP_COMMODITY_27,Grass pea/ ''Guaya''
crop,CROP_COMMODITY_140,Green courgette
crop,CROP_COMMODITY_34,Groundnut
crop,CROP_COMMODITY_74,Hibiscus
crop,CROP_COMMODITY_40,Irish potato
crop,CROP_COMMODITY_141,Japanese mint
crop,CROP_COMMODITY_110,Kenaf
crop,CROP_COMMODITY_124,Kororima
crop,CROP_COMMODITY_75,Lavender
crop,CROP_COMMODITY_66,Lemmon grass
crop,CROP_COMMODITY_142,Lemon scented eucalyptus
crop,CROP_COMMODITY_72,Lemon verbena
crop,CROP_COMMODITY_24,Lentil
crop,CROP_COMMODITY_116,Lettuce
crop,CROP_COMMODITY_115,Lima bean
crop,CROP_COMMODITY_31,Linseed
crop,CROP_COMMODITY_107,Local forage legume
crop,CROP_COMMODITY_101,Lupin
crop,CROP_COMMODITY_1,Maize ( Zea mays L.)
crop,CROP_COMMODITY_76,Majoram/Oregano
crop,CROP_COMMODITY_5,Malt Barley
crop,CROP_COMMODITY_81,Mango
crop,CROP_COMMODITY_8,Millet
crop,CROP_COMMODITY_108,Mulberry
crop,CROP_COMMODITY_28,Mung bean
crop,CROP_COMMODITY_118,Musk melon
crop,CROP_COMMODITY_106,Napier grass
crop,CROP_COMMODITY_30,Noug
crop,CROP_COMMODITY_97,Oats
crop,CROP_COMMODITY_53,Okra
crop,CROP_COMMODITY_48,Onion
crop,CROP_COMMODITY_143,Pakchoi
crop,CROP_COMMODITY_144,Palmarosa
crop,CROP_COMMODITY_89,Panicum
crop,CROP_COMMODITY_100,Panicum maximum
crop,CROP_COMMODITY_145,Papaya
crop,CROP_COMMODITY_146,Peach
crop,CROP_COMMODITY_15,Pearl millet
crop,CROP_COMMODITY_99,Pennisetum polystachion
crop,CROP_COMMODITY_103,Pennisetum sphacelatum
crop,CROP_COMMODITY_147,Peppermint
crop,CROP_COMMODITY_104,Perennial grass
crop,CROP_COMMODITY_91,Phalaries
crop,CROP_COMMODITY_96,Pigeon pea
crop,CROP_COMMODITY_82,Pineapple
crop,CROP_COMMODITY_64,Pyrethrum
crop,CROP_COMMODITY_17,Quinoa
crop,CROP_COMMODITY_32,Rapeseed
crop,CROP_COMMODITY_148,Red beet
crop,CROP_COMMODITY_88,Rhode
crop,CROP_COMMODITY_9,Rice
crop,CROP_COMMODITY_125,Rose
crop,CROP_COMMODITY_149,Rosemary
crop,CROP_COMMODITY_70,Rose Scented Geranium
crop,CROP_COMMODITY_36,Safflower
crop,CROP_COMMODITY_77,Sage
crop,CROP_COMMODITY_33,Sesame
crop,CROP_COMMODITY_98,Sesbania
crop,CROP_COMMODITY_49,Shallot
crop,CROP_COMMODITY_150,Snap bean
crop,CROP_COMMODITY_121,Snap pea
crop,CROP_COMMODITY_122,Snow pea
crop,CROP_COMMODITY_127,Sorghum forage
crop,CROP_COMMODITY_7,Sorghum (Sorghum bicolor)
crop,CROP_COMMODITY_26,Soybean
crop,CROP_COMMODITY_68,Spanish mint
crop,CROP_COMMODITY_67,Speare mint
crop,CROP_COMMODITY_73,Stevia
crop,CROP_COMMODITY_111,Sugarcane
crop,CROP_COMMODITY_56,Summarsquash
crop,CROP_COMMODITY_55,Summer squash
crop,CROP_COMMODITY_35,Sunflower
crop,CROP_COMMODITY_62,Sweet annie
crop,CROP_COMMODITY_123,Sweet corn
crop,CROP_COMMODITY_50,Sweet/Hot Pepper
crop,CROP_COMMODITY_41,Sweet potato
crop,CROP_COMMODITY_42,Taro
crop,CROP_COMMODITY_6,Tef ( Eragrostis tef)
crop,CROP_COMMODITY_113,Tobaco
crop,CROP_COMMODITY_46,Tomato
crop,CROP_COMMODITY_86,Tree lucerne
crop,CROP_COMMODITY_92,Trifolium
crop,CROP_COMMODITY_12,Triticale
crop,CROP_COMMODITY_60,Turmeric
crop,CROP_COMMODITY_78,Vanilla
crop,CROP_COMMODITY_37,Vernonia
crop,CROP_COMMODITY_93,Vetch
crop,CROP_COMMODITY_117,Water melon
crop,CROP_COMMODITY_151,White cumin
crop,CROP_COMMODITY_83,Wine grape
crop,CROP_COMMODITY_45,Yam
crop,CROP_COMMODITY_152,Yellow courgette
crop,CROP_COMMODITY_153,Ziziphus (Kurkura)
